ratio,budget,r_out,r_in,params,rel_error
64,9324,4,28,9200,0.943066
64,9324,8,22,9264,0.921063
64,9324,12,17,9260,0.910895
64,9324,13,16,9296,0.909532
64,9324,14,15,9314,0.908730
64,9324,15,14,9314,0.908303
64,9324,16,13,9296,0.908663
64,9324,17,12,9260,0.909665
64,9324,18,11,9206,0.911160
64,9324,19,10,9134,0.913234
64,9324,20,9,9044,0.915967
64,9324,24,6,8976,0.929104
64,9324,28,4,9200,0.944822
64,9324,32,2,9280,0.966897
64,9324,256,3,7680,0.953816
32,18648,4,256,10240,0.942637
32,18648,8,50,18448,0.911637
32,18648,12,42,18360,0.891101
32,18648,16,36,18496,0.877611
32,18648,20,31,18636,0.869216
32,18648,21,29,18281,0.868824
32,18648,22,28,18344,0.867517
32,18648,23,27,18389,0.866744
32,18648,24,26,18416,0.866228
32,18648,25,25,18425,0.866006
32,18648,26,24,18416,0.866039
32,18648,27,23,18389,0.866413
32,18648,28,22,18344,0.867042
32,18648,32,19,18528,0.870062
32,18648,36,16,18496,0.876158
32,18648,40,13,18248,0.885539
32,18648,44,11,18436,0.894119
32,18648,48,9,18480,0.905154
32,18648,52,7,18380,0.918862
32,18648,56,5,18136,0.935364
32,18648,60,4,18544,0.944563
32,18648,64,2,18048,0.966897
32,18648,68,1,18276,0.981394
32,18648,256,7,17920,0.918643
16,36778,4,256,10240,0.942637
16,36778,8,256,20480,0.910482
16,36778,12,256,30720,0.882692
16,36778,16,81,36496,0.860679
16,36778,20,72,36512,0.842948
16,36778,24,64,36352,0.829447
16,36778,28,58,36632,0.819168
16,36778,32,52,36480,0.812791
16,36778,36,47,36476,0.809114
16,36778,37,46,36566,0.808350
16,36778,38,45,36638,0.807746
16,36778,39,44,36692,0.807385
16,36778,40,43,36728,0.807175
16,36778,41,42,36746,0.807213
16,36778,42,41,36746,0.807345
16,36778,43,40,36728,0.807687
16,36778,44,39,36692,0.808167
16,36778,48,35,36368,0.811559
16,36778,52,32,36480,0.815042
16,36778,56,29,36376,0.820344
16,36778,60,26,36056,0.827322
16,36778,64,24,36352,0.832324
16,36778,68,22,36504,0.838459
16,36778,72,20,36512,0.845622
16,36778,76,18,36376,0.853673
16,36778,80,16,36096,0.862806
16,36778,84,15,36684,0.867533
16,36778,88,13,36152,0.878132
16,36778,92,12,36560,0.884007
16,36778,96,10,35776,0.896927
16,36778,100,9,36004,0.903821
16,36778,104,8,36160,0.911007
16,36778,108,7,36244,0.918643
16,36778,112,6,36256,0.926333
16,36778,116,5,36196,0.935364
16,36778,120,4,36064,0.944563
16,36778,124,3,35860,0.953816
16,36778,128,2,35584,0.966897
16,36778,132,2,36680,0.966897
16,36778,136,1,36296,0.981394
16,36778,256,14,35840,0.871876
8,73556,4,256,10240,0.942637
8,73556,8,256,20480,0.910482
8,73556,12,256,30720,0.882692
8,73556,16,256,40960,0.857316
8,73556,20,256,51200,0.833686
8,73556,24,256,61440,0.811197
8,73556,28,256,71680,0.790032
8,73556,32,120,73472,0.777682
8,73556,36,110,73016,0.764539
8,73556,40,102,73072,0.753561
8,73556,44,95,73204,0.744522
8,73556,48,89,73520,0.737399
8,73556,52,83,73404,0.732775
8,73556,56,77,72856,0.730503
8,73556,57,76,73036,0.729667
8,73556,58,75,73198,0.729026
8,73556,59,74,73342,0.728398
8,73556,60,73,73468,0.727959
8,73556,61,71,72771,0.728990
8,73556,62,70,72852,0.728803
8,73556,63,69,72915,0.728705
8,73556,64,68,72960,0.728702
8,73556,68,64,72960,0.729771
8,73556,72,60,72672,0.732363
8,73556,76,57,73036,0.734337
8,73556,80,54,73184,0.737397
8,73556,84,51,73116,0.741548
8,73556,88,48,72832,0.746736
8,73556,92,46,73416,0.750011
8,73556,96,43,72736,0.756927
8,73556,100,41,72996,0.761570
8,73556,104,39,73112,0.766655
8,73556,108,37,73084,0.772417
8,73556,112,35,72912,0.778609
8,73556,116,33,72596,0.785124
8,73556,120,32,73472,0.788370
8,73556,124,30,72904,0.795784
8,73556,128,28,72192,0.803800
8,73556,132,27,72780,0.807752
8,73556,136,26,73296,0.811923
8,73556,140,24,72224,0.820815
8,73556,144,23,72560,0.825423
8,73556,148,22,72824,0.830098
8,73556,152,21,73016,0.834903
8,73556,156,20,73136,0.839793
8,73556,160,19,73184,0.844743
8,73556,164,18,73160,0.849973
8,73556,168,17,73064,0.855381
8,73556,172,16,72896,0.860790
8,73556,176,15,72656,0.866285
8,73556,180,14,72344,0.871876
8,73556,184,13,71960,0.877661
8,73556,188,13,73452,0.877661
8,73556,192,12,72960,0.883813
8,73556,196,11,72396,0.890360
8,73556,200,10,71760,0.896927
8,73556,204,10,73144,0.896927
8,73556,208,9,72400,0.903821
8,73556,212,8,71584,0.911007
8,73556,216,8,72896,0.911007
8,73556,220,7,71972,0.918643
8,73556,224,7,73248,0.918643
8,73556,228,6,72216,0.926333
8,73556,232,6,73456,0.926333
8,73556,236,5,72316,0.935364
8,73556,240,5,73520,0.935364
8,73556,244,4,72272,0.944563
8,73556,248,4,73440,0.944563
8,73556,252,3,72084,0.953816
8,73556,256,28,71680,0.801279
4,147630,4,256,10240,0.942637
4,147630,8,256,20480,0.910482
4,147630,12,256,30720,0.882692
4,147630,16,256,40960,0.857316
4,147630,20,256,51200,0.833686
4,147630,24,256,61440,0.811197
4,147630,28,256,71680,0.790032
4,147630,32,256,81920,0.769703
4,147630,36,256,92160,0.750390
4,147630,40,256,102400,0.731910
4,147630,44,256,112640,0.714121
4,147630,48,256,122880,0.696940
4,147630,52,256,133120,0.680434
4,147630,56,256,143360,0.664360
4,147630,60,166,147496,0.661998
4,147630,64,157,147008,0.652397
4,147630,68,150,147608,0.643508
4,147630,72,142,146800,0.636796
4,147630,76,136,147296,0.630473
4,147630,80,130,147360,0.625805
4,147630,84,124,146992,0.622618
4,147630,88,119,147240,0.619931
4,147630,92,114,147128,0.618451
4,147630,96,109,146656,0.618393
4,147630,97,108,146764,0.618235
4,147630,98,107,146854,0.618140
4,147630,99,106,146926,0.618101
4,147630,100,105,146980,0.618198
4,147630,101,104,147016,0.618304
4,147630,102,103,147034,0.618504
4,147630,103,102,147034,0.618798
4,147630,104,101,147016,0.619155
4,147630,108,97,146764,0.621188
4,147630,112,94,147488,0.622356
4,147630,116,90,146696,0.626351
4,147630,120,87,146952,0.629175
4,147630,124,84,146992,0.632672
4,147630,128,81,146816,0.636936
4,147630,132,78,146424,0.641945
4,147630,136,76,147296,0.644905
4,147630,140,73,146508,0.650945
4,147630,144,71,147056,0.654723
4,147630,148,69,147460,0.658881
4,147630,152,66,146096,0.666441
4,147630,156,64,146176,0.671371
4,147630,160,62,146112,0.676602
4,147630,164,60,145904,0.682168
4,147630,168,59,147320,0.684688
4,147630,172,57,146860,0.690693
4,147630,176,55,146256,0.696908
4,147630,180,54,147384,0.699872
4,147630,184,52,146528,0.706568
4,147630,188,51,147476,0.709825
4,147630,192,49,146368,0.716819
4,147630,196,48,147136,0.720277
4,147630,200,46,145776,0.727627
4,147630,204,45,146364,0.731292
4,147630,208,44,146880,0.734997
4,147630,212,43,147324,0.738751
4,147630,216,41,145496,0.746574
4,147630,220,40,145760,0.750476
4,147630,224,39,145952,0.754402
4,147630,228,38,146072,0.758428
4,147630,232,37,146120,0.762500
4,147630,236,36,146096,0.766613
4,147630,240,35,146000,0.770736
4,147630,244,34,145832,0.774874
4,147630,248,33,145592,0.779085
4,147630,252,32,145280,0.783418
4,147630,256,57,145920,0.684604
2,294742,4,256,10240,0.942637
2,294742,8,256,20480,0.910482
2,294742,12,256,30720,0.882692
2,294742,16,256,40960,0.857316
2,294742,20,256,51200,0.833686
2,294742,24,256,61440,0.811197
2,294742,28,256,71680,0.790032
2,294742,32,256,81920,0.769703
2,294742,36,256,92160,0.750390
2,294742,40,256,102400,0.731910
2,294742,44,256,112640,0.714121
2,294742,48,256,122880,0.696940
2,294742,52,256,133120,0.680434
2,294742,56,256,143360,0.664360
2,294742,60,256,153600,0.648718
2,294742,64,256,163840,0.633491
2,294742,68,256,174080,0.618610
2,294742,72,256,184320,0.603934
2,294742,76,256,194560,0.589536
2,294742,80,256,204800,0.575452
2,294742,84,256,215040,0.561560
2,294742,88,256,225280,0.547950
2,294742,92,256,235520,0.534590
2,294742,96,256,245760,0.521403
2,294742,100,256,256000,0.508354
2,294742,104,256,266240,0.495411
2,294742,108,256,276480,0.482721
2,294742,112,256,286720,0.470234
2,294742,116,203,293596,0.482453
2,294742,120,197,293912,0.476643
2,294742,124,191,293796,0.472029
2,294742,128,186,294656,0.467680
2,294742,132,180,293712,0.465432
2,294742,136,175,293816,0.463144
2,294742,140,170,293560,0.461902
2,294742,141,169,293821,0.461469
2,294742,142,168,294064,0.461028
2,294742,143,167,294289,0.460683
2,294742,144,166,294496,0.460370
2,294742,145,165,294685,0.460098
2,294742,146,163,293286,0.461399
2,294742,147,162,293430,0.461298
2,294742,148,161,293556,0.461245
2,294742,152,157,293880,0.461592
2,294742,156,153,293916,0.462654
2,294742,160,149,293664,0.464618
2,294742,164,145,293124,0.467462
2,294742,168,142,294064,0.469018
2,294742,172,138,292984,0.473262
2,294742,176,135,293456,0.476076
2,294742,180,132,293712,0.479424
2,294742,184,129,293752,0.483319
2,294742,188,126,293576,0.487785
2,294742,192,123,293184,0.492754
2,294742,196,121,294596,0.495636
2,294742,200,118,293808,0.501490
2,294742,204,115,292804,0.507748
2,294742,208,113,293712,0.511619
2,294742,212,111,294476,0.515785
2,294742,216,108,292896,0.523087
2,294742,220,106,293336,0.527735
2,294742,224,104,293632,0.532597
2,294742,228,102,293784,0.537686
2,294742,232,100,293792,0.542918
2,294742,236,98,293656,0.548369
2,294742,240,96,293376,0.554007
2,294742,244,94,292952,0.559790
2,294742,248,92,292384,0.565671
2,294742,252,91,294196,0.568499
2,294742,256,115,294400,0.493346
